{"chunk_definitions":[{"row":15,"row_count":1,"visible":true,"expansion_state":0,"options":{"engine":"r","eval":false,"label":"unnamed-chunk-70","dev":"png"},"document_id":"4FF86CCB","chunk_id":"cenohzk5sovis","chunk_label":"unnamed-chunk-1"},{"row":19,"row_count":1,"visible":true,"expansion_state":0,"options":{"engine":"r","label":"unnamed-chunk-28","dev":"png"},"document_id":"4FF86CCB","chunk_id":"c94e5dqk1q9qw","chunk_label":"unnamed-chunk-2"},{"row":64,"row_count":1,"visible":true,"expansion_state":0,"options":{"engine":"r","echo":false,"label":"unnamed-chunk-72","dev":"png"},"document_id":"4FF86CCB","chunk_id":"c885qs5dnc229","chunk_label":"unnamed-chunk-7"}],"doc_write_time":1759284199,"chunk_rendered_width":400}