"0","bike_counts <- read_csv(""MnDOT_PeopleCount.csv"")"
"2","[1mRows: [22m[34m115639[39m [1mColumns: [22m[34m26[39m"
"2","[36m──[39m [1mColumn specification[22m [36m──────────────────────────────────────────────────────────────────────────────────────────────────────────────[39m
[1mDelimiter:[22m "",""
[31mchr[39m (16): site, owner, 9, county, mndot_district, mode, date_day, day_type, facility_type, on_off_road, trunk_hwy, us_bike_route, ...
[32mdbl[39m  (9): latitude, longitude, day_of_year, year, total_count, precipitation, max_temperature, total_imputed_days, install_year
[33mlgl[39m  (1): imputed"
"2","
[36mℹ[39m Use `spec()` to retrieve the full column specification for this data.
[36mℹ[39m Specify the column types or set `show_col_types = FALSE` to quiet this message."
