"0","census_data <- get_acs("
"0","  geography = ""county"","
"0","  state = ""MN"","
"0","  variables = census_vars,"
"0","  year = 2022,"
"0","  survey = ""acs5"","
"0","  geometry = TRUE"
"0",") %>%"
"0","  select(GEOID, NAME, variable, estimate, geometry) %>%"
"0","  mutate(county = str_remove(NAME, "" County, Minnesota"")) %>%"
"0","  filter(county %in% metro_counties) %>% "
"0","  filter(variable == ""commute_others"")"
"2","Getting data from the 2018-2022 5-year ACS
"
"2","Downloading feature geometry from the Census website.  To cache shapefiles for use in future sessions, set `options(tigris_use_cache = TRUE)`.
"
"2","Fetching data by table type (""B/C"", ""S"", ""DP"") and combining the result.
"
